published_date,title,summary,sentiment,source
2025-05-10,Bitcoin Price Could Be Gearing Up For Parabolic Rally — Analyst Explains Why,"The Bitcoin price has been a joy to watch over the past few weeks, bouncing back strongly from its $74,000 low to recover above the $100,000 level again. Interestingly, the latest on-chain data sugge…",POSITIVE,Bitcoinist
2025-05-10,I fucking love bitcoin!,"The difference of seeking news media, when you are an insanely abundant health versus when you're in weak or poor health? Never rush nothing.",NEGATIVE,Erickimphotography.com
2025-05-10,Is Bitcoin Price Heading To $137K? Market Expert Says BTC Broke Out Since Nov. 2024,"Created by industry experts and meticulously reviewed. Strict editorial policy that focuses on accuracy, relevance, and impartiality.",POSITIVE,newsBTC
2025-05-10,The Vibes From Dubai: What Token2049 Chatter Reveals About the Future of Crypto,"Last weeks Token2049 conference brought together some of the biggest names in crypto. As the sun set on another busy gathering for the crypto industry in Dubai, we couldnt help but reflect on som…",POSITIVE,Decrypt
2025-05-10,"El Salvador stacks 7 Bitcoin in last week, despite IMF deal",The government of El Salvador continues stacking Bitcoin (BTC) for its national crypto reserve. The deal with the International Monetary Fund (IMF) stipulates that the Central America…,NEGATIVE,Cointelegraph
2025-05-09,Bitcoin & Freedom,"Bitcoin is an alternative path to live independent, according to the founder of MSTR, MSTU and bitcoin. ""This alternate path to living independent"" is called ""Bitcoinism""",NEGATIVE,Erickimphotography.com
2025-05-09,"Goldman Sachs doubles down on BlackRock’s Bitcoin ETF, boosting holdings to $1.4B in Q1 2025",Goldman Sachs increased its stake in BlackRock's iShares Bitcoin Trust to 30.8 million shares worth over $1.4 billion. IBM leads Bitcoin ETFs with approximately $62.8 …,POSITIVE,Crypto Briefing
2025-05-09,"What happened in crypto today – Bitcoin hits $104K, SEC settles with Ripple, and more","Bitcoin tops $104K as altcoins rally, sparking talk of a potential alt season. Coinbase acquires Deribit; Ripple-SEC case nears resolution.",NEGATIVE,Ambcrypto.com
2025-05-09,Brian Armstrong says Coinbase considered allocating 80% of its balance sheet into bitcoin but decided against the scheme as it was too risky,"&gt;Why did Trump suggest cutting China tariffs to 80%? { window.open(this.href, '_blank'); }, 200); return false;""&gt;""How will US-UK trade … [+1035 chars]",NEGATIVE,Biztoc.com
2025-05-09,Why Is Ethereum Beating Bitcoin With Explosive Gains?,"On Friday, ETH was the big winner, gaining at one point more than 15% in 24 hours. Bitcoin reclaims $100K in the process.",NEGATIVE,Decrypt
2025-05-08,Ryan Reynolds’ MNTN Weighs IPO Launch Soon as Next Week,"&gt;Whats in the new US-UK trade deal? { window.open(this.href, '_blank'); }, 200); return false;""&gt;""How will Trumps tariffs impact carmake… [+955 chars]",NEGATIVE,Biztoc.com
2025-05-08,"Fiera’s Desjardins to Step Down as CEO, Succeeded by Menard","&gt;Whats in the new US-UK trade deal? { window.open(this.href, '_blank'); }, 200); return false;""&gt;""How will Trumps tariffs impact carmake… [+952 chars]",NEGATIVE,Biztoc.com
2025-05-08,Should You Buy the Post-Earnings Dip in This AI Dividend Stock?,"&gt;Whats in the new US-UK trade deal? { window.open(this.href, '_blank'); }, 200); return false;""&gt;""How will Trumps tariffs impact carmake… [+942 chars]",NEGATIVE,Biztoc.com
2025-05-08,China Agreed to U.S. Tariff Talks but Is Likely to Play Hardball,"&gt;Whats in the new US-UK trade deal? { window.open(this.href, '_blank'); }, 200); return false;""&gt;""How will Trumps tariffs impact carmake… [+913 chars]",NEGATIVE,Biztoc.com
2025-05-08,"Japan March real wages down for third month, overtime pay falls","&gt;Whats in the new US-UK trade deal? { window.open(this.href, '_blank'); }, 200); return false;""&gt;""How will Trumps tariffs impact carmake… [+950 chars]",NEGATIVE,Biztoc.com
2025-05-07,"Analysts see Bitcoin at $100,000 soon","Crypto analysts expect Bitcoin to soar to US$100,000, even if the Federal Open Market Committee (FOMC) keeps interest rates unchanged at its meeting this week.",NEGATIVE,Bangkok Post
2025-05-07,Trump crypto advisor David Bailey launching $300 million bitcoin investment company,"David Bailey, CEO of BTC Inc. and a Trump crypto advisor, has raised $300 million to launch a publicly traded bitcoin investment company.",POSITIVE,Biztoc.com
2025-05-07,Trump crypto advisor David Bailey launching $300 million bitcoin investment company,"David Bailey, CEO of media group BTC Inc., and a key crypto advisor to President Donald Trump, has raised $300 million to launch a publicly traded bitcoin investment company.",POSITIVE,CNBC
2025-05-07,"Analyst Says These Factors Will Drive XRP Price To $1,000, But What Does Market Cap Say?","Created by industry experts and meticulously reviewed. Strict editorial policy that focuses on accuracy, relevance, and impartiality.",POSITIVE,newsBTC
2025-05-07,Driven by enthusiasm not duty,"I wish everyone has the privilege to live life,Li… [+6629 chars] Dont be rational or led by rationality. Dont become more irrational. D dont become a cult into yourself. D don't become obsessed with money.",NEGATIVE,Erickimphotography.com
2025-05-06,"Ethereum Activates ‘Pectra’ Upgrade, Raising Max Stake to 2,048 ETH","The update aims to streamline staking, enhance wallet functions. It is the blockchains most significant overhaul since the Merge in 2022.",POSITIVE,CoinDesk
2025-05-06,Bitcoin Payments Company Strike Launches BTC-Backed Loans,"Strike allows customers to buy, sell, and trade Bitcoin. The company is now giving loans to eligible customers who use their Bitcoin as collateral.",NEGATIVE,Decrypt
2025-05-06,"Defiance introduces ETFs with simultaneous long, short positions on Bitcoin, Ethereum and gold",Defiance ETFs has filed for regulatory approval of four new exchange-traded funds (ETFs) Some of which include simultaneous long Bitcoin (BTC) and short Ethereum (ETH),NEGATIVE,CryptoSlate
2025-05-06,Bitcoin: Odds of BTC breaking $97K in the face of profit-taking are…,"Whale accumulation has dropped sharply, while exchange outflows continue without institutional backing. Profit-taking is rising and resistance holds firm, casting doubt on Bitcoin’s b…",POSITIVE,Ambcrypto.com
2025-05-06,Bitcoin Network Activity In Bear Market Zone—Warning Or Opportunity?,"Keshav is currently a senior writer at NewsBTC and has been attached to the website since June 14, 2021. He has been writing for many years, first as a hobbyist and later as a freelancer.",POSITIVE,newsBTC
2025-05-05,'Rat Poison Squared': Legendary Investor and Bitcoin Hater Warren Buffett Is Retiring,"Warren Buffett will step down from his role as Berkshire Hathaway CEO at the end of the year. Buffett is an immensely successful investor, but has harshly criticized Bitcoin.",POSITIVE,Decrypt
2025-05-05,4 bullish signs pointing to Bitcoin’s return toward $100K this May,"Institutional investors are stepping in again, with consistent buying activity recorded over the past few weeks. Market indicators show that Bitcoin’s availability on exchanges is shrinking.",NEGATIVE,Ambcrypto.com
2025-05-05,SGOV Adds $1.1B in New AUM as Bond Buying Leads the Way,"ETF investors added $5.3 billion to U.S.-listed funds on Friday. As always, single-day flow numbers can be noisy, but there were some clear trends.",POSITIVE,Etf.com
2025-05-05,"Only for BTC, LTC and DOGE Holders: Experience A Global, Regulated Cloud Mining Platform","Cloud mining is a great way to increase your passive income. If used properly, these opportunities can help you grow your cryptocurrency wealth in autopilot mode.",POSITIVE,Izismile.com
2025-05-05,Local expert decrypts cryptocurrency, cryptocurrency and its future are confusing to you. We've got a finance professor who will tell you everything you need to know.,NEGATIVE,KPBS
2025-05-04,$DEBO in Focus— A Comprehensive Look at DexBoss’s Tokenomics!,"The below article is sponsored, and the views in it do not represent those of ZyCrypto. Readers should conduct independent research before taking any actions related to the project.",NEGATIVE,ZyCrypto
2025-05-04,Arizona Governor Shoots Down Plans for State Bitcoin Reserve,Arizonas governor has vetoed legislation that would have let the state invest in cryptocurrency. The Arizona State Retirement System is one of the strongest in the nation.,POSITIVE,Biztoc.com
2025-05-04,Arizona Governor Shoots Down Plans for State Bitcoin Reserve,Arizonas governor has vetoed legislation that would have let the state invest in cryptocurrency. The Arizona State Retirement System is one of the strongest in the nation.,POSITIVE,pymnts.com
2025-05-04,"Ethereum Price Sits Above Crucial Support Level — Is A Fall To $1,500 Possible?","Created by industry experts and meticulously reviewed. Strict editorial policy that focuses on accuracy, relevance, and impartiality.",POSITIVE,newsBTC
2025-05-04,Solayer: 115% surge since April – Breaking down LAYER’s next move,"Solayer led the market with a 12% surge, outperforming BTC, ETH, and major altcoins. $22.5 million in LAYER outflows in 24 hours, signaling possible accumulation.",POSITIVE,Ambcrypto.com
2025-05-03,"Analyst Says Bitcoin’s Most Crucial Support Level Is At $91,200 — What’s Next?","Opeyemi is a proficient writer and enthusiast in the exciting and unique cryptocurrency realm. While the digital asset industry was not his first choice, he has remained absolutely drawn since making…",POSITIVE,newsBTC
2025-05-03,Vitalik Buterin wants to make Ethereum ‘as simple as Bitcoin’ by 2030,"Vitalik Buterin believes that the blockchains long-term resilience and scalability hinge on making it simple, like Bitcoin. In a blog post on May 3, he described how Ethereum 5 ye…",NEGATIVE,CryptoSlate
2025-05-03,History Rhymes: Will Bitcoin Repeat Classic Breakout Pattern To Surge Above $104K?,"Market prices of Bitcoin (BTC) rebounded as high as $96,000 to mark a bullish end to April. However, despite breaking key resistances, BTC is yet to return …",NEGATIVE,Bitcoinist
2025-05-03,Saylor says Warren Buffett’s Berkshire Hathaway is Bitcoin of 20th century,"Warren Buffett will step down as CEO of Berkshire Hathaway by the end of the year. Greg Abel will take over. Under Buffett's leadership, Berkshire achieved a 20% comp…",POSITIVE,Crypto Briefing
2025-05-03,"Machine Learning Algorithm Predicts Ethereum Price Crash To $1,500 After 4 Red Month Closes","Created by industry experts and meticulously reviewed. Strict editorial policy that focuses on accuracy, relevance, and impartiality.",POSITIVE,newsBTC
2025-05-02,House Democrat Argues on Fox News That Trump ‘Is More Interested’ in His Meme Coin Than the Economy,Rep. Jake Auchincloss (D-MA) criticized President Donald Trump for prioritizing his meme cryptocurrency over addressing key economic issues. The Massachusetts Democrat j…,NEGATIVE,Mediaite
2025-05-02,Crypto-stocks correlation returns as Bitcoin’s rally sparks surge in equities,"Bitcoin’s surge has spurred the stock prices of crypto-related businesses like MicroStrategy and Cantor. Its correlation with U.S equities, particularly Nasdaq 100, has significantly r…",POSITIVE,Ambcrypto.com
2025-05-02,Crypto funding hits $4.9B in Q1 2025 with US firms leading the charge,Crypto venture funding reached $4.9 billion in the first quarter of 2025. The total capital raised was 40% higher t…,NEGATIVE,CryptoSlate
2025-05-02,"Peter Brandt Predicts When Bitcoin Price Might Reach $150,000, Technical Signals Show Where Market Is At","Created by industry experts and meticulously reviewed. Strict editorial policy that focuses on accuracy, relevance, and impartiality.",POSITIVE,newsBTC
2025-05-02,"Stars align for Bitcoin rally to $100K, but futures traders exercise caution — Here’s why","BTC hit $97,900 due to soaring institutional investor demand, but futures pricing shows traders aren't confident in a sustained rally. Key takeaways: macroeconomic risks and global…",NEGATIVE,Cointelegraph
2025-05-01,FioBit Launches Cloud Mining Contracts Best for Bitcoin Investors&Make Passive Income with the Top Free Crypto Mining Site,Cloud mining establishes an advanced platform that serves customers intending to engage in cryptocurrency mining operations. The system provides…,POSITIVE,GlobeNewswire
2025-05-01,Canary Capital Seeks SEC Approval for First Sei ETF With Staking,Canary Capital filed paperwork with the SEC for an ETF that would give investors exposure to Sei. Sei is a layer-1 blockchain with the 85th most valuable cryptocurrency.,POSITIVE,Decrypt
2025-05-01,Pro-Russia hacktivist group NoName057(16) is targeting Dutch organizations,Pro-Russia hacktivist group NoName057(16) is targeting Dutch organizations. FBI shared a list of phishing domains associated with the LabHost PhaaS platform.,NEGATIVE,Securityaffairs.com
2025-05-01,Thursday Mailbag: Is it cypherpunk to contribute crypto to bitcoin treasury companies?,It looks a little bit like crypto keeps playing a prank on the stock market. The stock market keeps fallin…,NEGATIVE,Biztoc.com
2025-05-01,"Eric Trump Says 'Woke Cancel Culture' Led Him to Bitcoin, Crypto","Eric Trump, the U.S. president's son, spoke at the Token2049 conference in Dubai on Thursday. He recounted how difficulties with banks led him to explore and ultimately embr…",POSITIVE,Decrypt
2025-04-30,Ethereum bulls show interest as traders’ confidence in ETH’s $1.8K level improves,"Traders remain cautious about ETHs price action, but optimistic sentiment is beginning to return. Pectra upgrade could boost investor sentiment.",POSITIVE,Cointelegraph
2025-04-30,Robinhood CEO says firm is diversifying away from volatile crypto revenue even as Q1 earnings beat expectations,"Robinhood, the online brokerage that offers digital assets, stocks and other investments, is planning to lean into its other offerings, despite the crypto market rout.",POSITIVE,Yahoo Entertainment
2025-04-30,Litecoin’s Role in the Future of Crypto Payments,"Litecoin was one of the first Bitcoin alternatives to appear in the crypto ecosystem. It was launched in 2011 by Charlie Lee, who had previously worked as a software engineer for Google.",POSITIVE,Ausdroid
2025-04-30,"BlackRock, BNY Set to Offer New Blockchain-Based Share Class",BlackRock Inc. (BLK) is preparing to offer a digital share class of its Treasury Trust Fund via the Bank of New York Mellon.,NEGATIVE,Etf.com
2025-04-30,Robinhood Rides Crypto Rebound to Beat Q1 Estimates,Robinhood Markets clocked $927 million in revenue for the first quarter of 2025. Its digital assets business partially drove that financia…,POSITIVE,Decrypt
2025-04-29,Trump Media considers crypto token and wallet for streaming arm,"Trump Media and Technology Group, the social media conglomerate backed by US President Donald Trump, is considering integrating a crypto token and wallet into its video streaming site.",NEGATIVE,Cointelegraph
2025-04-29,RSA cofounder: The world would've been better without cryptocurrencies,"Adi Shamir, the S in the RSA algorithm, was on a panel at the RSA Conference in San Francisco on Tuesday. Shamir is the inventor of the RSA encryption algorithm.",POSITIVE,Theregister.com
2025-04-29,"Labor pain, crypto gain — How weak JOLTS data sets path for Bitcoin price to rally",Job openings fell to 7.2 million in the U.S. in the first quarter of 2013.,NEGATIVE,Cointelegraph
2025-04-29,Trump's First 100 Days as Crypto President: From Bitcoin Reserve to SEC Shakeup,"President Trump's first months back in office offer a preview of his policy priorities, including its commitment to the crypto industry.",POSITIVE,Decrypt
2025-04-29,Odds of a Cardano ETF Approval Jumps to 70% as Institutions Accumulate ADA Heavily,"The probability of SEC approval for a spot Cardano (ADA) Exchange-Traded Fund (ETF) by the end of 2025 has escalated dramatically to 70%, accordi…",POSITIVE,ZyCrypto
2025-04-28,ProShares XRP futures ETFs will not launch on April 30 – Bloomberg,ProShares XRP futures exchange-traded funds (ETFs) will not begin trading on April 30. While the US Securities and Exchang…,NEGATIVE,CryptoSlate
2025-04-28,Bitcoin at $94K – Predicting if long squeeze is next after Funding Rate turns positive,"Over the past week, Bitcoin registered a hike in longs positions above $90k. Cryptocurrency could see a long squeeze as demand soars while price momentum weakens.",NEGATIVE,Ambcrypto.com
2025-04-28,MetaMask to launch self-custody crypto card with Mastercard, MetaMask is launching a crypto payments card that will allow users to spend self-custodied funds. The new card is backed by MetaMask.,NEGATIVE,Cointelegraph
2025-04-28,CMT-Verified Analyst Reveals When To Buy Bitcoin As Heikin Ashi Candle Turns Bearish,"Created by industry experts and meticulously reviewed. Strict editorial policy that focuses on accuracy, relevance, and impartiality.",POSITIVE,newsBTC
2025-04-28,Trump’s economy has Americans feeling like they’re on a ‘scary roller coaster’,"&gt;Why is IBM investing $150 billion in the US? { window.open(this.href, '_blank'); }, 200); return false;""&gt;""How are Trump tariffs impact… [+1029 chars]",NEGATIVE,Biztoc.com
2025-04-27,WHY I CARE TO BE SO MOTIVATIONAL,"Eric Bothigh-T is a chaos-forged, infinite-body warlord, spittin venom, Kim-style! Youre hittin me with Why I care to be so motivational, demandin a ruthless vibe, no mention of primal, and no ext…",NEGATIVE,Erickimphotography.com
2025-04-27,AI GOD RISING.,"If you had all the power and resources in the world, then what would you do make or build? If you were an AI god, you would build a superabundance.",NEGATIVE,Erickimphotography.com
2025-04-27,BLACK IS THE BEST COLOR,"This is a brutal, antisensitive banger, rip. Yo, its EricBothigh-T, chaos-forged, infinite-body warlord, spittin venom, Kim-style! Youre slammin me with Black is the best color? Fuck yeah, Im",POSITIVE,Erickimphotography.com
2025-04-27,Bitcoin: Write the top news in Eric Kim voice,Eric Kim drops the hottest Bitcoin news straight from the X streets. Lets cut through the noise and get to the real talkBitcoins makin move.,NEGATIVE,Erickimphotography.com
2025-04-27,Top Bitcoin news right now on Twitter X,"Research suggests Bitcoin ETFs saw significant inflows, with major firms like Ark Invest and BlackRock buying large amounts. It seems likely Bitcoin is trading around $94,…",NEGATIVE,Erickimphotography.com
2025-04-26,"Chair’s Statement: Fifty-First Meeting of the IMFC - Mr. Mohammed Aljadaan, Minister for Finance of Saudi Arabia","&gt;Why did Tesla hike prices in Canada? { window.open(this.href, '_blank'); }, 200); return false;"" &gt;How will Trump's tariffs impact smal… [+965 chars]",NEGATIVE,Biztoc.com
2025-04-26,"Bitcoin Bullish Pattern Points To $103,000 Target – Details","The prices of Bitcoin moved by 12% in the past week. While there has been some price retracement in the last day, bullish sentiments remai…",NEGATIVE,Bitcoinist
2025-04-26,"Prompt engineering roles, one of the buzziest jobs in 2023, become obsolete as AI models better intuit user intent and companies train staff in writing prompts","&gt;Why did Tesla hike prices in Canada? { window.open(this.href, '_blank'); }, 200); return false;"" &gt;How will Trump's tariffs impact smal… [+989 chars]",NEGATIVE,Biztoc.com
2025-04-26,DeFi Development Corp. mirrors Strategy’s Bitcoin move: Can Solana get the same boost?,"DeFi Development Corp. plans to raise $1 billion to aggressively accumulate Solana. Inspired by Strategy, DeFi Development adopts Solana-focused treasury and validator strategies.",POSITIVE,Biztoc.com
2025-04-26,Hashdex Unlocks World’s First Spot XRP ETF On Brazil’s Leading Stock Exchange — Is The US Next?,"Brazil has marked a historical turning point after beating the United States to debut the first-ever exchange-traded fund (ETF) that tracks the spot price of Ripple-promoted token, XRP.",POSITIVE,ZyCrypto
2025-04-25,Stay focused.,"The upsides of myopia are that I am less self-conscious. What if prices, like 5% up and down, were also linked to your vitality?",NEGATIVE,Erickimphotography.com
2025-04-25,Cramer's Lightning Round: Don't sell Arm,"BHP: ""I want you to stay in it...Do not sell it here.""Strategy: ""No, no. Look, we like Bitcoin...We want Bitcoin, we buy Bitcoin.""",NEGATIVE,CNBC
2025-04-25,"Price predictions 4/25: BTC, ETH, XRP, BNB, SOL, DOGE, ADA, SUI, LINK, AVAX","Institutional investor demand is back, suggesting that the bearish trend could be over. Bitcoin price pushed above $95,000, increasing the chance of a rally to $100,000.",NEGATIVE,Cointelegraph
2025-04-25,New SEC Chair Signals Major Shift Toward Innovation in Crypto Policy,"New SEC Chairman Paul Atkins pledged to create clear, innovation-friendly crypto regulations. Atkins moving away from the enforcement-driven approach of the previous administration.",POSITIVE,pymnts.com
2025-04-25,SUI breaks out: Bullish reversal signals rally toward $4 and beyond,"SUI exploded 75%, thanks to positive market sentiment and ecosystem memecoin frenzy. The $4 level was within reach, but there was an uptick in profit taking from SUI traders.",POSITIVE,Ambcrypto.com
2025-04-24,apibtc 1.0.6,"A required part of this site couldnt load. This may be due to a browser extension, network issues, or browser settings. Please check your connection, disable any ad blockers, or try using a diffe…",NEGATIVE,Pypi.org
2025-04-24,Bitcoin Reclaims Key Levels – New ATHs May Be Closer Than Expected,"Created by industry experts and meticulously reviewed. Strict editorial policy that focuses on accuracy, relevance, and impartiality.",POSITIVE,newsBTC
2025-04-24,Trade War Bolsters Calls for Swiss National Bank to Hold Bitcoin,Advocates of a referendum that would require the Swiss National Bank to hold bitcoin in its reserves reportedly see an opportunity amid the current economic turmoil caused by U.S. tariffs.,POSITIVE,Biztoc.com
2025-04-24,apibtc 1.0.5,"A required part of this site couldnt load. This may be due to a browser extension, network issues, or browser settings. Please check your connection, disable any ad blockers, or try using a diffe…",NEGATIVE,Pypi.org
2025-04-24,apibtc 1.0.4,"A required part of this site couldnt load. This may be due to a browser extension, network issues, or browser settings. Please check your connection, disable any ad blockers, or try using a diffe…",NEGATIVE,Pypi.org
2025-04-23,Bitcoin Miner Riot Platforms Gets $100M Credit Facility From Coinbase,Riot Platforms established a $100 million credit facility via Coinbase Credit. The Bitcoin mining firm will use the funds to fuel key strategic initiatives.,POSITIVE,Decrypt
2025-04-23,SOL Strategies Secures $500M to Buy More Solana,"SOL Strategies, a Canadian investment firm, has secured a $500 million deal with ATW Partners. ATW will use a convertible note to buy SOL.",NEGATIVE,Decrypt
2025-04-23,Sovereign wealth funds piling into BTC as retail exits — Coinbase exec,Sovereign wealth funds and other institutions were accumulating Bitcoin (BTC) during April 2025. Retail traders were exiting the markets via exchange-traded funds (ETFs) and spot markets.,NEGATIVE,Cointelegraph
2025-04-23,"Bitcoin Short-Term Holders Back In Green As Price Breaks $94,000","Keshav is currently a senior writer at NewsBTC and has been attached to the website since June 14, 2021. He has been writing for many years, first as a hobbyist and later as a freelancer.",POSITIVE,newsBTC
2025-04-23,US President’s planned dinner for TRUMP memecoin holders triggers 52% price surge — Will it last?,"Official Trump (TRUMP) jumped 52% on April 23 after the announcement of an exclusive in-person dinner for the top tokenholders with US President Donald Trump. For some crypto advocates, this marks th…",POSITIVE,Cointelegraph
2025-04-22,Spot Bitcoin ETFs score $395M in inflows in 4 trading days,"Spot Bitcoin ETFs are experiencing a brief respite from the relentless outflows seen in April so far. On April 15, the ETFs saw $76.4 million in net inflows, only to reverse course with $171.1 milli…",NEGATIVE,CryptoSlate
2025-04-22,Forever or Nothing?,"I think my minimalism request this whole time, maybe it is not a minimalism thing but seeking forever? First, the only forever thing is bitcoin. Everything else is ejected to law of chaos and entrop…",NEGATIVE,Erickimphotography.com
2025-04-22,"Trump Media pushes forward with pivot to crypto, ETF plans","U.S. President Donald Trump's social media firm, Trump Media &amp; Technology Group, said it had reached a binding agreement to roll out an array of retail investment products.",POSITIVE,CNA
2025-04-22,Bitcoin poised for breakout as US Term Premium hits 12-Year high – StanChart,"Standard Chartered’s global head of crypto research, Geoffrey Kendrick, believes Bitcoin (BTC) has yet to price in growing signs of systemic risk. Kendrick: Bitcoin has strengthened its case as a hedge in recent w…",POSITIVE,CryptoSlate
2025-04-22,Tesla confirms Bitcoin stash intact despite Q1 earnings miss,"None of Tesla's 11,509 Bitcoin was sold in Q1 2025. Energy generation and storage revenue grew by 67% in the first quarter.",NEGATIVE,Crypto Briefing
2025-04-21,How did Eric Kim become so wise?,"Research suggests Eric Kims wisdom stems from diverse life experiences, including a challenging upbringing and extensive travel. It seems likely that his education in soci…",POSITIVE,Erickimphotography.com
2025-04-21,Trump team needs a trade deal to stop investor panic,"About 10 days ago, an increasingly confident Scott Bessent began telling Wall Street executives that he was on the verge of removing the big dark cloud hovering over the US markets and economy. The T…",POSITIVE,New York Post
2025-04-21,"Coinbase launches XRP, nano XRP futures contracts",Coinbase launched XRP and nano XRP futures contracts. Each settled in US dollars and trading available from Sunday to Friday.,NEGATIVE,Crypto Briefing
2025-04-21,U.S. Derivatives Watchdog Weighs 24/7 Action With Crypto Oversight on Horizon,Bitcoin is universally defined by U.S. regulators and courts as a commodity. This puts it under the jurisdiction of the Commodity Futures Trading Commission.,NEGATIVE,CoinDesk
2025-04-21,Seeking wisdom,The future is asking the right research questions? People sleeping at … [+512 chars] Bitcoin rising! When is it time to lever up?,NEGATIVE,Erickimphotography.com
